version,hilos,n_solicitado,frame,fase,update_ms,mobs_ms,build_ms,sombras_ms,cpu_ms,frame_ms,fps
secuencial,1,2000000,1,sostenido,5.36230,0.00070,18.15870,0.00030,23.52330,29.35890,34.061
secuencial,1,2000000,2,sostenido,4.10170,0.00020,11.50190,0.00010,15.60470,20.29690,49.269
secuencial,1,2000000,3,sostenido,3.85740,0.00050,14.91450,0.00020,18.77390,23.30760,42.904
secuencial,1,2000000,4,sostenido,4.01320,0.00060,14.10460,0.00020,18.11990,22.09560,45.258
secuencial,1,2000000,5,sostenido,3.84540,0.00030,9.71580,0.00020,13.56460,18.01600,55.506
secuencial,1,2000000,6,sostenido,5.03120,0.00030,10.56300,0.00010,15.59560,19.51670,51.238
secuencial,1,2000000,7,sostenido,3.23700,0.00040,8.67970,0.00020,11.91830,16.00030,62.499
secuencial,1,2000000,8,sostenido,3.17870,0.00020,9.07650,0.00010,12.25660,16.18520,61.785
secuencial,1,2000000,9,sostenido,3.33630,0.00040,11.68540,0.00020,15.02320,19.18200,52.132
secuencial,1,2000000,10,sostenido,3.48740,0.00030,9.40890,0.00010,12.89770,16.71940,59.811
secuencial,1,2000000,11,sostenido,3.83240,0.00040,8.71130,0.00010,12.54500,16.45270,60.780
secuencial,1,2000000,12,sostenido,3.31590,0.00040,8.88080,0.00010,12.19820,16.25680,61.513
secuencial,1,2000000,13,sostenido,3.25660,0.00040,8.70900,0.00000,11.96720,15.86260,63.041
secuencial,1,2000000,14,sostenido,3.47820,0.00030,8.61490,0.00000,12.09470,16.59980,60.242
secuencial,1,2000000,15,sostenido,3.26730,0.00030,8.64880,0.00010,11.91740,15.80100,63.287
secuencial,1,2000000,16,sostenido,3.75650,0.00040,8.47600,0.00010,12.23450,16.56630,60.364
secuencial,1,2000000,17,sostenido,3.59180,0.00020,8.52760,0.00010,12.12070,15.99210,62.531
secuencial,1,2000000,18,sostenido,3.56160,0.00030,9.73660,0.00010,13.29960,17.25470,57.955
secuencial,1,2000000,19,sostenido,4.84690,0.00030,10.36470,0.00020,15.21300,19.42180,51.489
secuencial,1,2000000,20,sostenido,3.52920,0.00030,9.41940,0.00020,12.95030,16.87870,59.246
secuencial,1,2000000,21,sostenido,3.41290,0.00040,8.57660,0.00010,11.99110,16.03660,62.357
secuencial,1,2000000,22,sostenido,3.98480,0.00040,8.45600,0.00010,12.44230,16.27980,61.426
secuencial,1,2000000,23,sostenido,3.15270,0.00020,8.30230,0.00010,11.45620,15.69980,63.695
secuencial,1,2000000,24,sostenido,3.14850,0.00020,8.27700,0.00000,11.42670,15.44880,64.730
secuencial,1,2000000,25,sostenido,3.55970,0.00040,8.52310,0.00010,12.08470,16.34360,61.186
secuencial,1,2000000,26,sostenido,4.44910,0.00050,9.45850,0.00010,13.90940,17.98140,55.613
secuencial,1,2000000,27,sostenido,3.26880,0.00030,9.11720,0.00010,12.38740,16.32080,61.272
secuencial,1,2000000,28,sostenido,3.19140,0.00040,8.95620,0.00010,12.14920,16.20400,61.713
secuencial,1,2000000,29,sostenido,3.19170,0.00020,8.91180,0.00010,12.10480,15.94190,62.728
secuencial,1,2000000,30,sostenido,3.34940,0.00040,8.83350,0.00020,12.18470,16.29510,61.368
secuencial,1,2000000,31,sostenido,3.13030,0.00040,8.40170,0.00010,11.53350,15.32860,65.238
secuencial,1,2000000,32,sostenido,3.32660,0.00030,12.20300,0.00010,15.53100,19.51700,51.237
secuencial,1,2000000,33,sostenido,3.41990,0.00020,8.42360,0.00020,11.84470,15.89940,62.895
secuencial,1,2000000,34,sostenido,3.14740,0.00050,10.25500,0.00020,13.40420,18.37750,54.414
secuencial,1,2000000,35,sostenido,3.31080,0.00040,8.33240,0.00010,11.64480,16.70090,59.877
secuencial,1,2000000,36,sostenido,3.20490,0.00030,9.84980,0.00000,13.05620,17.92640,55.784
secuencial,1,2000000,37,sostenido,3.36360,0.00030,8.47170,0.00020,11.83670,17.00070,58.821
secuencial,1,2000000,38,sostenido,3.19640,0.00020,9.11450,0.00030,12.31240,17.73760,56.377
secuencial,1,2000000,39,sostenido,5.18620,0.00030,9.29760,0.00020,14.48510,19.42420,51.482
secuencial,1,2000000,40,sostenido,3.25490,0.00030,8.62530,0.00010,11.88160,16.86340,59.300
secuencial,1,2000000,41,sostenido,3.76270,0.00040,8.49870,0.00010,12.26280,17.71720,56.442
secuencial,1,2000000,42,sostenido,4.04010,0.00030,8.39480,0.00010,12.43620,17.92530,55.787
secuencial,1,2000000,43,sostenido,6.12670,0.00040,17.70950,0.00020,23.83790,28.87900,34.627
secuencial,1,2000000,44,sostenido,5.68620,0.00040,12.20550,0.00030,17.89360,23.42120,42.696
secuencial,1,2000000,45,sostenido,4.25110,0.00050,8.46660,0.00020,12.71940,17.71910,56.436
secuencial,1,2000000,46,sostenido,3.15800,0.00020,9.06600,0.00020,12.22570,17.77710,56.252
secuencial,1,2000000,47,sostenido,3.52920,0.00030,8.88300,0.00000,12.41350,18.02210,55.487
secuencial,1,2000000,48,sostenido,4.01270,0.00020,8.70340,0.00010,12.71730,17.68640,56.541
secuencial,1,2000000,49,sostenido,3.22020,0.00040,9.84270,0.00010,13.06430,18.22770,54.862
secuencial,1,2000000,50,sostenido,3.15400,0.00030,9.11330,0.00030,12.26930,17.70450,56.483
secuencial,1,2000000,51,sostenido,3.60180,0.00030,10.31710,0.00020,13.92030,19.09390,52.373
secuencial,1,2000000,52,sostenido,3.37750,0.00020,8.82180,0.00020,12.20080,17.09410,58.500
secuencial,1,2000000,53,sostenido,3.76750,0.00040,8.22780,0.00000,11.99680,16.97530,58.909
secuencial,1,2000000,54,sostenido,4.10050,0.00040,10.27290,0.00010,14.37480,19.54170,51.173
secuencial,1,2000000,55,sostenido,4.27660,0.00040,8.25510,0.00000,12.53320,18.66330,53.581
secuencial,1,2000000,56,sostenido,3.68750,0.00040,8.59370,0.00010,12.28260,18.03160,55.458
secuencial,1,2000000,57,sostenido,3.24400,0.00030,8.70380,0.00020,11.94970,17.33810,57.676
secuencial,1,2000000,58,sostenido,3.21560,0.00030,8.74520,0.00010,11.96230,17.25060,57.969
secuencial,1,2000000,59,sostenido,4.17140,0.00030,8.85270,0.00010,13.02550,18.68750,53.512
secuencial,1,2000000,60,sostenido,3.64050,0.00030,8.59530,0.00020,12.23730,17.30710,57.780
secuencial,1,2000000,61,sostenido,3.17500,0.00040,8.46080,0.00010,11.63720,16.86440,59.297
secuencial,1,2000000,62,sostenido,3.39130,0.00030,8.21570,0.00010,11.60820,16.75270,59.692
secuencial,1,2000000,63,sostenido,3.35840,0.00020,8.64260,0.00010,12.00230,17.28090,57.867
secuencial,1,2000000,64,sostenido,3.19670,0.00020,10.39820,0.00020,13.59680,19.41820,51.498
secuencial,1,2000000,65,sostenido,6.87850,0.00070,19.12090,0.00020,26.00150,31.54410,31.702
secuencial,1,2000000,66,sostenido,4.87350,0.00030,8.88170,0.00000,13.75650,18.87480,52.981
secuencial,1,2000000,67,sostenido,4.13480,0.00040,8.80170,0.00000,12.93810,18.13280,55.149
secuencial,1,2000000,68,sostenido,3.44690,0.00040,8.72610,0.00010,12.17440,17.52210,57.071
secuencial,1,2000000,69,sostenido,3.35300,0.00050,8.85210,0.00010,12.20660,17.40780,57.446
secuencial,1,2000000,70,sostenido,4.94050,0.00030,10.84290,0.00030,15.78580,21.85340,45.759
secuencial,1,2000000,71,sostenido,4.17940,0.00030,8.82180,0.00010,13.00260,19.08000,52.411
secuencial,1,2000000,72,sostenido,3.90180,0.00020,8.80390,0.00010,12.70690,18.33790,54.532
secuencial,1,2000000,73,sostenido,3.36370,0.00040,8.63400,0.00010,11.99910,17.09370,58.501
secuencial,1,2000000,74,sostenido,3.24170,0.00030,9.77020,0.00030,13.01370,18.34540,54.510
secuencial,1,2000000,75,sostenido,6.14030,0.00040,12.23010,0.00020,18.37230,24.70790,40.473
secuencial,1,2000000,76,sostenido,4.88830,0.00030,8.97110,0.00010,13.86080,19.58680,51.055
secuencial,1,2000000,77,sostenido,3.54770,0.00030,11.29020,0.00010,14.83960,20.57390,48.605
secuencial,1,2000000,78,sostenido,3.83520,0.00020,11.37630,0.00010,15.21320,21.84670,45.774
secuencial,1,2000000,79,sostenido,5.25560,0.00050,10.58590,0.00020,15.84370,22.57200,44.303
secuencial,1,2000000,80,sostenido,4.40020,0.00030,8.78340,0.00020,13.18540,21.13340,47.318
secuencial,1,2000000,81,sostenido,6.78420,0.00030,13.47780,0.00010,20.26340,25.61500,39.040
secuencial,1,2000000,82,sostenido,4.76440,0.00030,8.77170,0.00010,13.53760,19.47450,51.349
secuencial,1,2000000,83,sostenido,3.97420,0.00040,9.28490,0.00020,13.26080,19.81460,50.468
secuencial,1,2000000,84,sostenido,3.53020,0.00030,8.94900,0.00020,12.48100,18.11550,55.201
secuencial,1,2000000,85,sostenido,3.43710,0.00030,10.25810,0.00010,13.69670,18.96510,52.728
secuencial,1,2000000,86,sostenido,4.78260,0.00050,8.87580,0.00020,13.66010,19.32160,51.756
secuencial,1,2000000,87,sostenido,4.41610,0.00030,8.88370,0.00010,13.30110,18.66770,53.568
secuencial,1,2000000,88,sostenido,3.75880,0.00040,10.09090,0.00020,13.85160,19.32400,51.749
secuencial,1,2000000,89,sostenido,3.25850,0.00030,9.59660,0.00010,12.85660,18.79500,53.206
secuencial,1,2000000,90,sostenido,3.61110,0.00030,8.71860,0.00020,12.33110,18.27920,54.707
secuencial,1,2000000,91,sostenido,3.43820,0.00050,8.66540,0.00000,12.10530,18.11000,55.218
secuencial,1,2000000,92,sostenido,4.60780,0.00050,14.70650,0.00020,19.31600,24.81710,40.295
secuencial,1,2000000,93,sostenido,4.08860,0.00040,8.66630,0.00000,12.75660,18.34670,54.506
secuencial,1,2000000,94,sostenido,3.65720,0.00050,12.20550,0.00000,15.86450,21.73600,46.007
secuencial,1,2000000,95,sostenido,3.64210,0.00050,9.29950,0.00010,12.94320,19.34600,51.690
secuencial,1,2000000,96,sostenido,3.78380,0.00040,15.50040,0.00010,19.28590,26.75760,37.373
secuencial,1,2000000,97,sostenido,4.31850,0.00040,9.18230,0.00020,13.50220,21.77750,45.919
secuencial,1,2000000,98,sostenido,3.42720,0.00030,8.73290,0.00010,12.16170,19.87560,50.313
secuencial,1,2000000,99,sostenido,3.48660,0.00030,10.48240,0.00010,13.97050,20.85010,47.961
secuencial,1,2000000,100,sostenido,3.80750,0.00040,10.48420,0.00020,14.29360,21.45950,46.599
secuencial,1,2000000,101,sostenido,4.17310,0.00040,9.06850,0.00020,13.24300,24.35000,41.068
secuencial,1,2000000,102,sostenido,3.49740,0.00040,9.18220,0.00000,12.68110,19.49800,51.287
secuencial,1,2000000,103,sostenido,3.30350,0.00040,8.76510,0.00010,12.07030,19.03310,52.540
secuencial,1,2000000,104,sostenido,3.27510,0.00040,8.79530,0.00020,12.07180,18.86800,53.000
secuencial,1,2000000,105,sostenido,3.37810,0.00030,9.69510,0.00010,13.07450,20.91710,47.808
secuencial,1,2000000,106,sostenido,3.54850,0.00030,9.86180,0.00010,13.41190,21.19880,47.172
secuencial,1,2000000,107,sostenido,3.21360,0.00040,8.84280,0.00010,12.05800,19.44830,51.418
secuencial,1,2000000,108,sostenido,3.16980,0.00040,8.50180,0.00020,11.67320,18.36980,54.437
secuencial,1,2000000,109,sostenido,3.56800,0.00040,9.71870,0.00000,13.28830,20.12610,49.687
secuencial,1,2000000,110,sostenido,4.06860,0.00050,8.74050,0.00000,12.81090,20.90480,47.836
secuencial,1,2000000,111,sostenido,4.16490,0.00030,8.93340,0.00030,13.10000,27.51210,36.348
secuencial,1,2000000,112,sostenido,7.82920,0.00050,13.78200,0.00010,21.61310,29.92730,33.414
secuencial,1,2000000,113,sostenido,4.53880,0.00040,11.90540,0.00010,16.44570,23.40040,42.734
secuencial,1,2000000,114,sostenido,4.09410,0.00040,11.42560,0.00020,15.52140,21.91880,45.623
secuencial,1,2000000,115,sostenido,4.33050,0.00040,9.61070,0.00000,13.94290,19.29380,51.830
secuencial,1,2000000,116,sostenido,3.30710,0.00050,8.66400,0.00010,11.97290,17.40790,57.445
secuencial,1,2000000,117,sostenido,3.23700,0.00020,8.92580,0.00020,12.16380,17.73370,56.390
secuencial,1,2000000,118,sostenido,3.23160,0.00020,9.55140,0.00020,12.78440,18.18210,54.999
secuencial,1,2000000,119,sostenido,3.17120,0.00030,8.48730,0.00010,11.66000,17.23410,58.024
secuencial,1,2000000,120,sostenido,3.43070,0.00040,8.36210,0.00010,11.79450,17.13530,58.359
secuencial,1,2000000,121,sostenido,3.61060,0.00030,8.42740,0.00020,12.03960,17.68470,56.546
secuencial,1,2000000,122,sostenido,5.23750,0.00040,10.98620,0.00010,16.22510,21.61030,46.274
secuencial,1,2000000,123,sostenido,5.04460,0.00030,10.82960,0.00020,15.87560,21.79200,45.888
secuencial,1,2000000,124,sostenido,3.63510,0.00020,8.78430,0.00010,12.42070,18.26360,54.754
secuencial,1,2000000,125,sostenido,3.39970,0.00040,8.65850,0.00010,12.05970,17.95280,55.702
secuencial,1,2000000,126,sostenido,3.24550,0.00030,9.26900,0.00010,12.51600,18.17220,55.029
secuencial,1,2000000,127,sostenido,3.34400,0.00020,8.78350,0.00010,12.12890,17.51870,57.082
secuencial,1,2000000,128,sostenido,3.23630,0.00030,11.58320,0.00030,14.82120,20.61420,48.510
secuencial,1,2000000,129,sostenido,5.40920,0.00040,14.30040,0.00020,19.71150,25.63600,39.008
secuencial,1,2000000,130,sostenido,3.71080,0.00040,8.71150,0.00000,12.42360,17.95690,55.689
secuencial,1,2000000,131,sostenido,3.49020,0.00040,11.07200,0.00020,14.56370,20.23050,49.430
secuencial,1,2000000,132,sostenido,3.62380,0.00040,8.65620,0.00010,12.28150,17.78050,56.241
secuencial,1,2000000,133,sostenido,3.43710,0.00040,9.95720,0.00010,13.39590,19.05820,52.471
secuencial,1,2000000,134,sostenido,3.68710,0.00050,12.62930,0.00020,16.31820,22.18280,45.080
secuencial,1,2000000,135,sostenido,4.46970,0.00030,9.39220,0.00010,13.86350,19.53410,51.193
secuencial,1,2000000,136,sostenido,3.58270,0.00050,8.75070,0.00000,12.33500,17.95120,55.707
secuencial,1,2000000,137,sostenido,3.42850,0.00040,8.84170,0.00020,12.27170,17.77630,56.255
secuencial,1,2000000,138,sostenido,3.72620,0.00050,9.82590,0.00010,13.55380,19.23500,51.989
secuencial,1,2000000,139,sostenido,4.10420,0.00050,9.36580,0.00010,13.47150,18.89520,52.923
secuencial,1,2000000,140,sostenido,4.28810,0.00020,8.80780,0.00010,13.09720,19.13760,52.253
secuencial,1,2000000,141,sostenido,3.42510,0.00030,8.29650,0.00000,11.72310,17.89470,55.882
secuencial,1,2000000,142,sostenido,3.37370,0.00020,8.53100,0.00010,11.90610,17.85250,56.015
secuencial,1,2000000,143,sostenido,3.41540,0.00050,8.36650,0.00010,11.78340,17.48060,57.206
secuencial,1,2000000,144,sostenido,3.35270,0.00050,9.16170,0.00020,12.51600,17.96980,55.649
secuencial,1,2000000,145,sostenido,3.54760,0.00050,8.67300,0.00010,12.22240,17.86470,55.976
secuencial,1,2000000,146,sostenido,3.53600,0.00060,8.80620,0.00010,12.34430,17.77990,56.243
secuencial,1,2000000,147,sostenido,4.55320,0.00020,10.83140,0.00020,15.38590,20.98690,47.649
secuencial,1,2000000,148,sostenido,3.22830,0.00020,8.40400,0.00010,11.63350,16.98520,58.875
secuencial,1,2000000,149,sostenido,3.53730,0.00030,9.23390,0.00020,12.77260,18.52160,53.991
secuencial,1,2000000,150,sostenido,4.13940,0.00040,8.24900,0.00000,12.39010,17.73220,56.395
secuencial,1,2000000,151,sostenido,3.43210,0.00070,9.09670,0.00000,12.53090,18.50980,54.025
secuencial,1,2000000,152,sostenido,6.53750,0.00040,9.64160,0.00010,16.18060,21.78880,45.895
secuencial,1,2000000,153,sostenido,3.28250,0.00030,9.28720,0.00010,12.57110,17.95790,55.686
secuencial,1,2000000,154,sostenido,3.45440,0.00030,8.58320,0.00010,12.03900,17.62080,56.751
secuencial,1,2000000,155,sostenido,3.85450,0.00020,9.11680,0.00020,12.97260,18.34520,54.510
secuencial,1,2000000,156,sostenido,3.44400,0.00030,9.24580,0.00010,12.69160,18.46730,54.150
secuencial,1,2000000,157,sostenido,3.28710,0.00010,9.07910,0.00010,12.36740,17.69040,56.528
secuencial,1,2000000,158,sostenido,3.28860,0.00040,9.90850,0.00010,13.19870,18.68980,53.505
secuencial,1,2000000,159,sostenido,3.40630,0.00020,8.34660,0.00010,11.75390,17.31580,57.751
secuencial,1,2000000,160,sostenido,3.67670,0.00030,8.24980,0.00010,11.92790,17.34570,57.651
secuencial,1,2000000,161,sostenido,3.39540,0.00030,9.96340,0.00010,13.36030,19.47690,51.343
secuencial,1,2000000,162,sostenido,3.70580,0.00030,8.36570,0.00010,12.07290,18.55460,53.895
secuencial,1,2000000,163,sostenido,3.21610,0.00040,8.54740,0.00010,11.76490,17.37710,57.547
secuencial,1,2000000,164,sostenido,3.16190,0.00020,11.06270,0.00010,14.22580,19.53920,51.179
secuencial,1,2000000,165,sostenido,4.18490,0.00020,9.14180,0.00010,13.32790,18.76730,53.284
secuencial,1,2000000,166,sostenido,3.15720,0.00050,8.68060,0.00020,11.83940,17.53090,57.042
secuencial,1,2000000,167,sostenido,3.69010,0.00030,8.94220,0.00010,12.63370,18.08190,55.304
secuencial,1,2000000,168,sostenido,6.20870,0.00050,16.80910,0.00010,23.01980,28.92140,34.576
secuencial,1,2000000,169,sostenido,4.89540,0.00040,9.44370,0.00010,14.34060,19.71330,50.727
secuencial,1,2000000,170,sostenido,3.40950,0.00030,10.52360,0.00000,13.93430,19.61670,50.977
secuencial,1,2000000,171,sostenido,4.67490,0.00050,9.53400,0.00010,14.21060,19.59710,51.028
secuencial,1,2000000,172,sostenido,5.82760,0.00060,11.21210,0.00010,17.04190,22.52250,44.400
secuencial,1,2000000,173,sostenido,3.27910,0.00020,8.60110,0.00020,11.88150,17.75560,56.320
secuencial,1,2000000,174,sostenido,3.41710,0.00030,8.78630,0.00010,12.20480,17.63450,56.707
secuencial,1,2000000,175,sostenido,3.27680,0.00020,9.26870,0.00020,12.54720,19.81480,50.467
secuencial,1,2000000,176,sostenido,4.57570,0.00030,10.05850,0.00010,14.63570,20.13790,49.658
secuencial,1,2000000,177,sostenido,3.70750,0.00030,8.55640,0.00020,12.26530,17.90930,55.837
secuencial,1,2000000,178,sostenido,3.60100,0.00040,8.80700,0.00020,12.40930,17.75790,56.313
secuencial,1,2000000,179,sostenido,3.66370,0.00030,8.44380,0.00010,12.10860,17.96540,55.663
secuencial,1,2000000,180,sostenido,3.49280,0.00040,8.57820,0.00010,12.07230,18.13840,55.132
secuencial,1,2000000,181,sostenido,3.22390,0.00040,8.82900,0.00020,12.05440,19.22950,52.003
secuencial,1,2000000,182,sostenido,4.53610,0.00050,16.90270,0.00010,21.44080,27.38130,36.521
secuencial,1,2000000,183,sostenido,5.12570,0.00030,9.38900,0.00020,14.51600,20.37090,49.090
secuencial,1,2000000,184,sostenido,3.83770,0.00040,9.08170,0.00020,12.92090,19.61940,50.970
secuencial,1,2000000,185,sostenido,3.82420,0.00030,8.61610,0.00010,12.44180,18.04660,55.412
secuencial,1,2000000,186,sostenido,3.35770,0.00030,9.74300,0.00010,13.10220,18.65040,53.618
secuencial,1,2000000,187,sostenido,4.35160,0.00040,11.54910,0.00020,15.90230,21.51640,46.476
secuencial,1,2000000,188,sostenido,4.02500,0.00040,8.87400,0.00000,12.90050,18.31720,54.593
secuencial,1,2000000,189,sostenido,3.53070,0.00060,8.54670,0.00020,12.07900,18.08640,55.290
secuencial,1,2000000,190,sostenido,4.08000,0.00060,8.61260,0.00010,12.69480,19.14300,52.238
secuencial,1,2000000,191,sostenido,3.75670,0.00040,8.59260,0.00000,12.35090,19.33480,51.720
secuencial,1,2000000,192,sostenido,3.31050,0.00040,8.86020,0.00010,12.17260,17.82210,56.110
secuencial,1,2000000,193,sostenido,4.16650,0.00030,10.40310,0.00020,14.57100,20.07850,49.805
secuencial,1,2000000,194,sostenido,3.34610,0.00030,8.28450,0.00010,11.63200,17.20180,58.133
secuencial,1,2000000,195,sostenido,3.39950,0.00040,8.58030,0.00000,11.98860,17.41160,57.433
secuencial,1,2000000,196,sostenido,3.28290,0.00030,8.37350,0.00010,11.65760,17.21500,58.089
secuencial,1,2000000,197,sostenido,3.28850,0.00040,8.24530,0.00000,11.53520,16.90560,59.152
secuencial,1,2000000,198,sostenido,3.31210,0.00030,10.03300,0.00020,13.34720,19.30400,51.803
secuencial,1,2000000,199,sostenido,5.22400,0.00030,11.72080,0.00020,16.94640,22.80850,43.843
secuencial,1,2000000,200,sostenido,3.43300,0.00030,9.23770,0.00010,12.67210,18.54090,53.935
secuencial,1,2000000,201,sostenido,4.11640,0.00030,14.66510,0.00030,18.78340,24.60290,40.646
secuencial,1,2000000,202,sostenido,4.66110,0.00040,12.32870,0.00030,16.99180,22.53520,44.375
secuencial,1,2000000,203,sostenido,3.91150,0.00050,10.27770,0.00030,14.19120,19.94430,50.140
secuencial,1,2000000,204,sostenido,4.25630,0.00080,13.56980,0.00030,17.82830,23.58200,42.405
secuencial,1,2000000,205,sostenido,4.34780,0.00050,12.99710,0.00030,17.34710,23.14320,43.209
secuencial,1,2000000,206,sostenido,3.70160,0.00040,10.72760,0.00000,14.43090,19.82010,50.454
secuencial,1,2000000,207,sostenido,3.87520,0.00020,9.24900,0.00010,13.12540,18.57730,53.829
secuencial,1,2000000,208,sostenido,3.30080,0.00020,9.17470,0.00020,12.47690,19.52620,51.213
secuencial,1,2000000,209,sostenido,3.39450,0.00030,11.03650,0.00010,14.43250,21.24280,47.075
secuencial,1,2000000,210,sostenido,3.97240,0.00040,8.69650,0.00020,12.67050,20.09530,49.763
secuencial,1,2000000,211,sostenido,3.57990,0.00060,9.69300,0.00010,13.27520,22.03540,45.382
secuencial,1,2000000,212,sostenido,3.39800,0.00030,11.44230,0.00030,14.84290,22.00970,45.435
secuencial,1,2000000,213,sostenido,3.56050,0.00060,8.58340,0.00010,12.14560,19.03420,52.537
secuencial,1,2000000,214,sostenido,3.91720,0.00050,9.78240,0.00030,13.70190,23.25810,42.996
secuencial,1,2000000,215,sostenido,3.93430,0.00040,10.72750,0.00010,14.66350,21.73780,46.003
secuencial,1,2000000,216,sostenido,3.42570,0.00050,9.95410,0.00030,13.38160,20.24130,49.404
secuencial,1,2000000,217,sostenido,3.85730,0.00040,9.88370,0.00010,13.74250,21.75770,45.961
secuencial,1,2000000,218,sostenido,4.17690,0.00040,9.74860,0.00010,13.92780,21.56860,46.364
secuencial,1,2000000,219,sostenido,4.62830,0.00060,10.68850,0.00010,15.31840,22.75240,43.951
secuencial,1,2000000,220,sostenido,3.67050,0.00030,8.66060,0.00010,12.33250,19.67370,50.829
secuencial,1,2000000,221,sostenido,3.90710,0.00080,8.86100,0.00010,12.77010,20.45230,48.894
secuencial,1,2000000,222,sostenido,4.00800,0.00030,11.88550,0.00010,15.89490,25.13620,39.783
secuencial,1,2000000,223,sostenido,4.49260,0.00040,8.95290,0.00000,13.44720,20.29030,49.285
secuencial,1,2000000,224,sostenido,3.54940,0.00060,8.68400,0.00000,12.23540,19.93390,50.166
secuencial,1,2000000,225,sostenido,3.74230,0.00020,8.59950,0.00000,12.34310,19.58160,51.068
secuencial,1,2000000,226,sostenido,3.51470,0.00030,8.66510,0.00010,12.18150,19.18440,52.126
secuencial,1,2000000,227,sostenido,3.41440,0.00040,8.68190,0.00010,12.09770,18.84590,53.062
secuencial,1,2000000,228,sostenido,3.68400,0.00040,9.12620,0.00010,12.81180,19.66010,50.864
secuencial,1,2000000,229,sostenido,4.07150,0.00030,8.88100,0.00010,12.95410,20.01960,49.951
secuencial,1,2000000,230,sostenido,3.15730,0.00030,8.19410,0.00000,11.35300,18.53140,53.962
secuencial,1,2000000,231,sostenido,3.17630,0.00040,8.30200,0.00010,11.47960,18.85130,53.047
secuencial,1,2000000,232,sostenido,3.17590,0.00030,8.55030,0.00020,11.72770,18.52930,53.969
secuencial,1,2000000,233,sostenido,3.13500,0.00040,8.64790,0.00010,11.78430,18.73590,53.373
secuencial,1,2000000,234,sostenido,3.36000,0.00020,8.98670,0.00010,12.34800,19.04080,52.519
secuencial,1,2000000,235,sostenido,3.87330,0.00050,10.68580,0.00010,14.56080,21.36950,46.796
secuencial,1,2000000,236,sostenido,3.17650,0.00040,8.72110,0.00010,11.89960,19.28980,51.841
secuencial,1,2000000,237,sostenido,3.62220,0.00020,9.89360,0.00010,13.51690,21.11720,47.355
secuencial,1,2000000,238,sostenido,3.16450,0.00030,8.98430,0.00010,12.15010,19.83400,50.418
secuencial,1,2000000,239,sostenido,3.61780,0.00030,9.79100,0.00010,13.41030,20.70260,48.303
secuencial,1,2000000,240,sostenido,3.56000,0.00040,8.25420,0.00000,11.81570,19.33060,51.731
secuencial,1,2000000,241,sostenido,3.34810,0.00030,8.60620,0.00000,11.95570,19.71990,50.710
secuencial,1,2000000,242,sostenido,3.22500,0.00030,9.18160,0.00020,12.40830,21.53810,46.429
secuencial,1,2000000,243,sostenido,3.29340,0.00030,8.91180,0.00010,12.20670,19.72410,50.699
secuencial,1,2000000,244,sostenido,3.37420,0.00030,8.62320,0.00010,11.99880,19.48440,51.323
secuencial,1,2000000,245,sostenido,3.26110,0.00050,9.62540,0.00020,12.88840,23.70610,42.183
secuencial,1,2000000,246,sostenido,4.49840,0.00030,8.94060,0.00020,13.44070,21.81440,45.841
secuencial,1,2000000,247,sostenido,3.38180,0.00050,9.84650,0.00020,13.23020,20.82760,48.013
secuencial,1,2000000,248,sostenido,3.66470,0.00040,8.73720,0.00000,12.40340,19.40500,51.533
secuencial,1,2000000,249,sostenido,3.39430,0.00030,8.16250,0.00010,11.55820,19.50450,51.270
secuencial,1,2000000,250,sostenido,3.21690,0.00040,8.19240,0.00000,11.41080,19.57030,51.098
secuencial,1,2000000,251,sostenido,3.16240,0.00040,9.54400,0.00030,12.70890,19.98290,50.043
secuencial,1,2000000,252,sostenido,3.24490,0.00030,8.99330,0.00010,12.23960,19.73810,50.663
secuencial,1,2000000,253,sostenido,3.21240,0.00030,8.21500,0.00010,11.42870,18.72250,53.412
secuencial,1,2000000,254,sostenido,3.28930,0.00070,8.36840,0.00010,11.65960,19.21710,52.037
secuencial,1,2000000,255,sostenido,3.51130,0.00030,11.36330,0.00020,14.87640,22.70650,44.040
secuencial,1,2000000,256,sostenido,3.41400,0.00040,8.44800,0.00000,11.86350,18.70470,53.462
secuencial,1,2000000,257,sostenido,3.27090,0.00040,8.30310,0.00010,11.57560,18.67350,53.552
secuencial,1,2000000,258,sostenido,3.21520,0.00050,8.83950,0.00020,12.05630,19.09940,52.358
secuencial,1,2000000,259,sostenido,3.13380,0.00020,9.42120,0.00010,12.55620,19.80880,50.483
secuencial,1,2000000,260,sostenido,3.88470,0.00030,8.23050,0.00010,12.11670,20.08000,49.801
secuencial,1,2000000,261,sostenido,3.21130,0.00030,8.32980,0.00020,11.54230,20.27350,49.325
secuencial,1,2000000,262,sostenido,3.18130,0.00020,9.24640,0.00010,12.42920,19.61870,50.972
secuencial,1,2000000,263,sostenido,3.16760,0.00040,8.55920,0.00010,11.72850,19.11050,52.327
secuencial,1,2000000,264,sostenido,3.83740,0.00040,9.13990,0.00010,12.97880,20.49670,48.788
secuencial,1,2000000,265,sostenido,3.83070,0.00030,8.49610,0.00020,12.32860,20.33500,49.176
secuencial,1,2000000,266,sostenido,3.26200,0.00050,8.72660,0.00020,11.99050,20.43970,48.924
secuencial,1,2000000,267,sostenido,4.43550,0.00030,8.83590,0.00030,13.27360,21.08040,47.437
secuencial,1,2000000,268,sostenido,3.19070,0.00040,8.59580,0.00020,11.78840,19.70730,50.743
secuencial,1,2000000,269,sostenido,3.17570,0.00040,9.89560,0.00010,13.07290,20.64530,48.437
secuencial,1,2000000,270,sostenido,3.97640,0.00040,8.14880,0.00010,12.12660,20.59530,48.555
secuencial,1,2000000,271,sostenido,3.44810,0.00040,8.57960,0.00010,12.02960,20.89490,47.859
secuencial,1,2000000,272,sostenido,3.17460,0.00030,9.10680,0.00010,12.28300,19.51230,51.250
secuencial,1,2000000,273,sostenido,3.45520,0.00050,8.29120,0.00000,11.74810,19.65030,50.890
secuencial,1,2000000,274,sostenido,3.72300,0.00050,8.95150,0.00010,12.67620,20.87420,47.906
secuencial,1,2000000,275,sostenido,3.18960,0.00040,9.03650,0.00020,12.22770,20.79260,48.094
secuencial,1,2000000,276,sostenido,3.50610,0.00020,9.29430,0.00010,12.80180,20.47860,48.831
secuencial,1,2000000,277,sostenido,3.22140,0.00030,9.94240,0.00010,13.16520,20.76550,48.157
secuencial,1,2000000,278,sostenido,3.33910,0.00030,9.71870,0.00010,13.05930,21.45100,46.618
secuencial,1,2000000,279,sostenido,3.17820,0.00030,9.38470,0.00000,12.56420,20.72200,48.258
secuencial,1,2000000,280,sostenido,3.15440,0.00030,9.05540,0.00010,12.21140,19.87710,50.309
secuencial,1,2000000,281,sostenido,3.41360,0.00030,10.88950,0.00020,14.30500,22.84880,43.766
secuencial,1,2000000,282,sostenido,4.51210,0.00060,8.34310,0.00020,12.85690,21.76000,45.956
secuencial,1,2000000,283,sostenido,3.18670,0.00020,8.43860,0.00010,11.62690,19.81690,50.462
secuencial,1,2000000,284,sostenido,3.16230,0.00060,8.86400,0.00010,12.02810,19.59960,51.021
secuencial,1,2000000,285,sostenido,3.64950,0.00030,8.27660,0.00000,11.92780,20.39790,49.025
secuencial,1,2000000,286,sostenido,3.65070,0.00030,9.07780,0.00020,12.73010,20.29230,49.280
secuencial,1,2000000,287,sostenido,3.48650,0.00020,8.55870,0.00010,12.04680,20.39020,49.043
secuencial,1,2000000,288,sostenido,3.15940,0.00030,8.18350,0.00000,11.34450,19.31520,51.773
secuencial,1,2000000,289,sostenido,3.18900,0.00020,10.40090,0.00020,13.59200,21.17200,47.232
secuencial,1,2000000,290,sostenido,3.32680,0.00040,9.52860,0.00000,12.85700,20.41200,48.991
secuencial,1,2000000,291,sostenido,3.50120,0.00030,8.15460,0.00000,11.65720,19.26030,51.920
secuencial,1,2000000,292,sostenido,3.18230,0.00030,8.38360,0.00020,11.56770,19.81160,50.475
secuencial,1,2000000,293,sostenido,3.16540,0.00030,8.42910,0.00010,11.59600,19.39730,51.554
secuencial,1,2000000,294,sostenido,3.12300,0.00030,8.50760,0.00010,11.63190,19.16890,52.168
secuencial,1,2000000,295,sostenido,3.27100,0.00030,9.70170,0.00020,12.97420,21.96810,45.521
secuencial,1,2000000,296,sostenido,3.42750,0.00030,8.15680,0.00010,11.58560,19.10170,52.351
secuencial,1,2000000,297,sostenido,3.17390,0.00030,8.87710,0.00010,12.05230,20.18140,49.551
secuencial,1,2000000,298,sostenido,3.80330,0.00040,8.08470,0.00000,11.88930,22.46620,44.511
secuencial,1,2000000,299,sostenido,3.17930,0.00020,8.85660,0.00020,12.03730,19.84260,50.397
secuencial,1,2000000,300,sostenido,3.52270,0.00050,8.47200,0.00010,11.99630,19.60020,51.020
