version,hilos,n_solicitado,repeticion,bloques_generados,bloques_dibujados_prom,frames_medidos,fase_predominante,gen_ms_prom,update_ms_prom,build_ms_prom,cpu_ms_prom,cpu_ms_desv,frame_ms_prom,frame_ms_p95,fps_prom,fps_min,frames_bajo_60fps
secuencial,1,100000,1,95874,18473.0,300,sostenido,5.6262,0.0786,0.4163,0.4954,0.0961,0.8773,1.1999,1139.9016,547.2555,0
secuencial,1,100000,2,95874,18473.0,300,sostenido,6.2035,0.0802,0.4357,0.5165,0.1120,0.8960,1.1841,1116.1213,619.0800,0
secuencial,1,100000,3,95874,18473.0,300,sostenido,5.4735,0.0753,0.4250,0.5008,0.1023,0.8834,1.2599,1131.9525,621.8132,0
secuencial,1,100000,4,95874,18473.0,300,sostenido,5.6862,0.0858,0.4404,0.5268,0.1318,0.9288,1.4102,1076.6963,520.7791,0
secuencial,1,100000,5,95874,18473.0,300,sostenido,5.5557,0.0742,0.4192,0.4940,0.1014,0.8874,1.2223,1126.8956,498.3306,0
secuencial,1,100000,6,95874,18473.0,300,sostenido,5.6096,0.0731,0.4180,0.4916,0.0896,0.8818,1.2200,1134.0483,648.8030,0
secuencial,1,100000,7,95874,18473.0,300,sostenido,5.5829,0.0832,0.4527,0.5365,0.1569,0.9394,1.4300,1064.4908,532.0564,0
secuencial,1,100000,8,95874,18473.0,300,sostenido,5.6504,0.0792,0.4139,0.4937,0.0917,0.8856,1.1947,1129.1431,623.9471,0
secuencial,1,100000,9,95874,18473.0,300,sostenido,5.6223,0.0844,0.4438,0.5288,0.1198,0.9220,1.2903,1084.5607,574.2836,0
secuencial,1,100000,10,95874,18473.0,300,sostenido,5.3784,0.0754,0.4208,0.4967,0.0990,0.8868,1.2364,1127.6869,633.1117,0
paralelo,1,100000,1,95874,18473.0,300,sostenido,6.1037,0.1211,0.5150,0.6366,0.0880,1.0286,1.3536,972.1870,610.6870,0
paralelo,1,100000,2,95874,18473.0,300,sostenido,5.9344,0.1265,0.5226,0.6496,0.0874,1.0492,1.3450,953.1495,546.5676,0
paralelo,1,100000,3,95874,18473.0,300,sostenido,6.2486,0.1185,0.5109,0.6300,0.0731,1.0190,1.2776,981.3199,619.8475,0
paralelo,1,100000,4,95874,18473.0,300,sostenido,6.2796,0.1230,0.5140,0.6375,0.1173,1.0335,1.4237,967.6321,486.4050,0
paralelo,1,100000,5,95874,18473.0,300,sostenido,6.1198,0.1264,0.5451,0.6721,0.1420,1.0726,1.4745,932.3079,459.0525,0
paralelo,1,100000,6,95874,18473.0,300,sostenido,5.9376,0.1223,0.5096,0.6324,0.0895,1.0344,1.3621,966.7904,515.4905,0
paralelo,1,100000,7,95874,18473.0,300,sostenido,5.9856,0.1184,0.5115,0.6304,0.0912,1.0299,1.3077,970.9875,472.4335,0
paralelo,1,100000,8,95874,18473.0,300,sostenido,5.9490,0.1201,0.5146,0.6352,0.0908,1.0324,1.3619,968.6615,511.9541,0
paralelo,1,100000,9,95874,18473.0,300,sostenido,5.8258,0.1231,0.5250,0.6487,0.1033,1.0533,1.3671,949.3728,379.0751,0
paralelo,1,100000,10,95874,18473.0,300,sostenido,5.9163,0.1270,0.5289,0.6564,0.1057,1.0605,1.4247,942.9073,552.9750,0
paralelo,2,100000,1,95874,18473.0,300,sostenido,3.8300,0.0898,0.3256,0.4160,0.0784,0.8151,1.1309,1226.8800,634.5580,0
paralelo,2,100000,2,95874,18473.0,300,sostenido,3.7974,0.0963,0.3373,0.4340,0.0731,0.8146,1.0561,1227.5903,712.8092,0
paralelo,2,100000,3,95874,18473.0,300,sostenido,3.7674,0.0917,0.3359,0.4282,0.0786,0.8056,1.1046,1241.3006,627.1952,0
paralelo,2,100000,4,95874,18473.0,300,sostenido,4.3222,0.0860,0.3228,0.4094,0.0627,0.7995,1.0104,1250.8135,744.2137,0
paralelo,2,100000,5,95874,18473.0,300,sostenido,4.0653,0.0951,0.3480,0.4437,0.0984,0.8583,1.2118,1165.0875,538.4450,0
paralelo,2,100000,6,95874,18473.0,300,sostenido,3.9224,0.0922,0.3306,0.4233,0.0656,0.8254,1.0914,1211.5044,678.8405,0
paralelo,2,100000,7,95874,18473.0,300,sostenido,4.0795,0.1015,0.3553,0.4574,0.0806,0.8758,1.1891,1141.7763,634.4373,0
paralelo,2,100000,8,95874,18473.0,300,sostenido,4.5282,0.0893,0.3380,0.4277,0.0865,0.8229,1.0528,1215.2765,498.1320,0
paralelo,2,100000,9,95874,18473.0,300,sostenido,3.8265,0.0903,0.3356,0.4264,0.0819,0.8244,1.0459,1213.0524,485.4840,0
paralelo,2,100000,10,95874,18473.0,300,sostenido,4.0911,0.0981,0.3575,0.4561,0.0834,0.8690,1.1369,1150.8005,553.0362,0
paralelo,4,100000,1,95874,18473.0,300,sostenido,2.8452,0.0827,0.3002,0.3835,0.0614,0.7815,1.0245,1279.5109,659.6306,0
paralelo,4,100000,2,95874,18473.0,300,sostenido,2.4915,0.0823,0.3067,0.3895,0.0425,0.7728,0.9540,1294.0115,773.2158,0
paralelo,4,100000,3,95874,18473.0,300,sostenido,2.8074,0.0847,0.3111,0.3964,0.0454,0.7863,0.9659,1271.7943,800.7046,0
paralelo,4,100000,4,95874,18473.0,300,sostenido,3.0348,0.0854,0.2893,0.3753,0.0793,0.7825,1.0953,1278.0190,719.2175,0
paralelo,4,100000,5,95874,18473.0,300,sostenido,2.6363,0.0904,0.2880,0.3793,0.0852,0.8123,1.0665,1231.0475,709.1193,0
paralelo,4,100000,6,95874,18473.0,300,sostenido,4.1074,0.0813,0.2917,0.3736,0.0730,0.7794,1.0149,1283.1167,732.9766,0
paralelo,4,100000,7,95874,18473.0,300,sostenido,2.8006,0.0811,0.3013,0.3830,0.0428,0.7670,0.9687,1303.7237,777.5445,0
paralelo,4,100000,8,95874,18473.0,300,sostenido,2.7402,0.0769,0.2681,0.3456,0.0645,0.7362,0.9190,1358.3770,732.5471,0
paralelo,4,100000,9,95874,18473.0,300,sostenido,2.7231,0.0809,0.2626,0.3441,0.0671,0.7414,0.9854,1348.8845,812.3477,0
paralelo,4,100000,10,95874,18473.0,300,sostenido,2.7380,0.0833,0.2852,0.3691,0.0813,0.7685,1.0188,1301.1938,750.3564,0
paralelo,8,100000,1,95874,18473.0,300,sostenido,2.2183,0.0748,0.2712,0.3466,0.0414,0.7404,0.9015,1350.7046,950.9319,0
paralelo,8,100000,2,95874,18473.0,300,sostenido,2.1400,0.0754,0.2774,0.3533,0.0385,0.7424,0.9082,1347.0257,848.2484,0
paralelo,8,100000,3,95874,18473.0,300,sostenido,2.2988,0.0733,0.2820,0.3559,0.0609,0.7418,0.9397,1348.0141,723.0658,0
paralelo,8,100000,4,95874,18473.0,300,sostenido,2.1662,0.0755,0.2783,0.3544,0.1017,0.7567,1.0018,1321.4479,487.2819,0
paralelo,8,100000,5,95874,18473.0,300,sostenido,2.2157,0.0762,0.2822,0.3590,0.0834,0.7604,1.0023,1315.1088,522.0024,0
paralelo,8,100000,6,95874,18473.0,300,sostenido,2.0955,0.0766,0.2767,0.3539,0.0609,0.7547,0.9459,1325.0772,663.6581,0
paralelo,8,100000,7,95874,18473.0,300,sostenido,2.2045,0.0732,0.2740,0.3477,0.0438,0.7432,0.9815,1345.5220,822.8421,0
paralelo,8,100000,8,95874,18473.0,300,sostenido,2.3135,0.1058,0.3405,0.4472,0.2246,0.8943,1.2860,1118.2168,216.5674,0
paralelo,8,100000,9,95874,18473.0,300,sostenido,2.3190,0.0754,0.2748,0.3508,0.0648,0.7423,0.9140,1347.1128,691.8021,0
paralelo,8,100000,10,95874,18473.0,300,sostenido,2.1524,0.0725,0.2693,0.3425,0.0398,0.7477,0.9418,1337.3633,873.1337,0
paralelo,12,100000,1,95874,18473.0,300,sostenido,2.2141,0.0855,0.3477,0.4338,0.0747,0.8523,1.0923,1173.3435,578.3356,0
paralelo,12,100000,2,95874,18473.0,300,sostenido,2.1568,0.0792,0.3154,0.3953,0.0704,0.8101,1.0735,1234.4216,780.8840,0
paralelo,12,100000,3,95874,18473.0,300,sostenido,2.1396,0.0776,0.3121,0.3903,0.0544,0.7983,0.9917,1252.6525,663.4379,0
paralelo,12,100000,4,95874,18473.0,300,sostenido,2.2204,0.0750,0.3110,0.3866,0.0544,0.7805,0.9780,1281.1769,597.4786,0
paralelo,12,100000,5,95874,18473.0,300,sostenido,2.2653,0.0782,0.3176,0.3964,0.0576,0.7951,1.0208,1257.6739,740.1377,0
paralelo,12,100000,6,95874,18473.0,300,sostenido,2.2184,0.0755,0.3106,0.3867,0.0463,0.7758,0.9456,1288.9156,839.2078,0
paralelo,12,100000,7,95874,18473.0,300,sostenido,2.3125,0.0763,0.3164,0.3933,0.0437,0.7880,1.0049,1269.0312,769.4675,0
paralelo,12,100000,8,95874,18473.0,300,sostenido,2.1443,0.0830,0.3278,0.4114,0.0587,0.8251,1.1084,1212.0159,636.3347,0
paralelo,12,100000,9,95874,18473.0,300,sostenido,2.1938,0.0771,0.3243,0.4020,0.0451,0.7941,0.9849,1259.3607,794.3443,0
paralelo,12,100000,10,95874,18473.0,300,sostenido,2.1429,0.0911,0.3647,0.4565,0.0889,0.8926,1.2329,1120.3511,413.9073,0
secuencial,1,500000,1,482184,81660.0,300,sostenido,26.8136,0.8063,2.2252,3.0330,0.3661,4.3713,5.2442,228.7641,148.8228,0
secuencial,1,500000,2,482184,81660.0,300,sostenido,26.7310,0.7892,2.2609,3.0514,0.4615,4.3862,5.4495,227.9862,142.4278,0
secuencial,1,500000,3,482184,81660.0,300,sostenido,26.9222,0.7778,2.1925,2.9717,0.4977,4.3019,5.1231,232.4552,96.8739,0
secuencial,1,500000,4,482184,81660.0,300,sostenido,26.5550,0.8068,2.2387,3.0469,0.4543,4.3829,5.4393,228.1582,144.7157,0
secuencial,1,500000,5,482184,81660.0,300,sostenido,27.0200,0.7877,2.1949,2.9839,0.3584,4.3091,5.0310,232.0691,145.3319,0
secuencial,1,500000,6,482184,81660.0,300,sostenido,26.1945,0.7747,2.1814,2.9576,0.3619,4.2837,5.0837,233.4416,141.2030,0
secuencial,1,500000,7,482184,81660.0,300,sostenido,26.7305,0.7727,2.1550,2.9291,0.4003,4.2603,5.0176,234.7255,113.5112,0
secuencial,1,500000,8,482184,81660.0,300,sostenido,25.6368,0.8010,2.2456,3.0480,0.4883,4.3875,5.5855,227.9216,142.0979,0
secuencial,1,500000,9,482184,81660.0,300,sostenido,27.0853,0.7773,2.1829,2.9616,0.3728,4.2829,5.1389,233.4853,153.1065,0
secuencial,1,500000,10,482184,81660.0,300,sostenido,26.1570,0.7624,2.1960,2.9598,0.3701,4.2936,5.1441,232.9062,155.5549,0
paralelo,1,500000,1,482184,81660.0,300,sostenido,28.5597,0.9072,2.6822,3.5908,0.4799,4.9352,5.7885,202.6276,94.0982,0
paralelo,1,500000,2,482184,81660.0,300,sostenido,28.7721,0.9313,2.7403,3.6732,0.4108,5.0405,5.9151,198.3938,131.6898,0
paralelo,1,500000,3,482184,81660.0,300,sostenido,29.1975,0.9275,2.7800,3.7089,0.5119,5.0683,6.1280,197.3045,124.7054,0
paralelo,1,500000,4,482184,81660.0,300,sostenido,29.7149,0.8808,2.6514,3.5336,0.3498,4.8497,5.5559,206.1966,138.3336,0
paralelo,1,500000,5,482184,81660.0,300,sostenido,29.0875,0.9246,2.7773,3.7033,0.4500,5.0418,6.0716,198.3432,132.3592,0
paralelo,1,500000,6,482184,81660.0,300,sostenido,28.9165,0.9024,2.7128,3.6167,0.3926,4.9473,5.7515,202.1316,143.1496,0
paralelo,1,500000,7,482184,81660.0,300,sostenido,29.3773,0.8986,2.7099,3.6099,0.3784,4.9416,5.7179,202.3620,130.2847,0
paralelo,1,500000,8,482184,81660.0,300,sostenido,28.2176,0.9151,2.7088,3.6253,0.4924,4.9894,5.7879,200.4252,93.1637,0
paralelo,1,500000,9,482184,81660.0,300,sostenido,28.4431,0.9123,2.7359,3.6496,0.3897,4.9985,5.8211,200.0618,143.0963,0
paralelo,1,500000,10,482184,81660.0,300,sostenido,29.6761,0.9109,2.7146,3.6268,0.5071,4.9865,5.9417,200.5434,100.3553,0
paralelo,2,500000,1,482184,81660.0,300,sostenido,18.7063,0.5151,1.5187,2.0352,0.3287,3.3418,4.1322,299.2400,196.1053,0
paralelo,2,500000,2,482184,81660.0,300,sostenido,18.3884,0.5261,1.4938,2.0211,0.2903,3.3302,4.0442,300.2823,213.6798,0
paralelo,2,500000,3,482184,81660.0,300,sostenido,17.7358,0.5168,1.5126,2.0307,0.3106,3.3411,4.0138,299.3051,162.1245,0
paralelo,2,500000,4,482184,81660.0,300,sostenido,17.9219,0.5250,1.5120,2.0383,0.3210,3.3523,4.1992,298.2989,212.8112,0
paralelo,2,500000,5,482184,81660.0,300,sostenido,18.4326,0.5135,1.4917,2.0065,0.2688,3.3111,3.9639,302.0159,203.7448,0
paralelo,2,500000,6,482184,81660.0,300,sostenido,19.4977,0.5027,1.4758,1.9797,0.2547,3.2762,3.8656,305.2303,215.2899,0
paralelo,2,500000,7,482184,81660.0,300,sostenido,18.1278,0.5552,1.5772,2.1337,0.3128,3.4597,4.1684,289.0442,182.9558,0
paralelo,2,500000,8,482184,81660.0,300,sostenido,18.7878,0.5185,1.5169,2.0367,0.3130,3.3419,4.0615,299.2310,197.4880,0
paralelo,2,500000,9,482184,81660.0,300,sostenido,19.3131,0.5065,1.5004,2.0082,0.3052,3.3125,4.0857,301.8831,218.4360,0
paralelo,2,500000,10,482184,81660.0,300,sostenido,18.2115,0.5064,1.4778,1.9854,0.2794,3.2957,3.9807,303.4295,177.3175,0
paralelo,4,500000,1,482184,81660.0,300,sostenido,11.5184,0.3439,1.0775,1.4227,0.2744,2.7233,3.2298,367.1972,227.4899,0
paralelo,4,500000,2,482184,81660.0,300,sostenido,11.2427,0.3347,1.0153,1.3513,0.2448,2.6493,3.1640,377.4525,269.7235,0
paralelo,4,500000,3,482184,81660.0,300,sostenido,11.4469,0.3480,1.0542,1.4035,0.2571,2.7171,3.1777,368.0405,282.7175,0
paralelo,4,500000,4,482184,81660.0,300,sostenido,11.4557,0.3372,1.0478,1.3862,0.2727,2.7025,3.2091,370.0313,271.8573,0
paralelo,4,500000,5,482184,81660.0,300,sostenido,11.1817,0.3544,1.0930,1.4485,0.2465,2.7666,3.2199,361.4592,280.1434,0
paralelo,4,500000,6,482184,81660.0,300,sostenido,12.3450,0.3469,1.0701,1.4181,0.2680,2.7290,3.2528,366.4358,282.9895,0
paralelo,4,500000,7,482184,81660.0,300,sostenido,11.2506,0.3337,0.9915,1.3265,0.3325,2.6365,3.2445,379.2975,178.0817,0
paralelo,4,500000,8,482184,81660.0,300,sostenido,10.7674,0.3277,0.9631,1.2920,0.2357,2.5957,3.1042,385.2584,264.1519,0
paralelo,4,500000,9,482184,81660.0,300,sostenido,11.2068,0.3510,1.0451,1.3973,0.2715,2.7143,3.2725,368.4178,239.1429,0
paralelo,4,500000,10,482184,81660.0,300,sostenido,12.0266,0.3474,1.0550,1.4037,0.3040,2.7250,3.3462,366.9768,243.4156,0
paralelo,8,500000,1,482184,81660.0,300,sostenido,8.2936,0.2284,0.8083,1.0379,0.1192,2.3336,2.6859,428.5310,312.6857,0
paralelo,8,500000,2,482184,81660.0,300,sostenido,8.2051,0.2362,0.8377,1.0751,0.1338,2.3860,2.8008,419.1053,316.2955,0
paralelo,8,500000,3,482184,81660.0,300,sostenido,8.0405,0.2393,0.9396,1.1802,0.1943,2.4997,2.9921,400.0496,284.2443,0
paralelo,8,500000,4,482184,81660.0,300,sostenido,8.6443,0.2534,0.8590,1.1136,0.1730,2.4400,2.8787,409.8374,259.0741,0
paralelo,8,500000,5,482184,81660.0,300,sostenido,7.9942,0.2376,0.9066,1.1455,0.1713,2.4668,2.9202,405.3909,261.9653,0
paralelo,8,500000,6,482184,81660.0,300,sostenido,8.1289,0.2361,0.9563,1.1937,0.1829,2.5159,2.9316,397.4701,278.6447,0
paralelo,8,500000,7,482184,81660.0,300,sostenido,7.8821,0.2381,0.9496,1.1892,0.1775,2.5164,2.9932,397.3997,286.9276,0
paralelo,8,500000,8,482184,81660.0,300,sostenido,8.3276,0.2442,0.8325,1.0778,0.1422,2.3860,2.7119,419.1089,300.4176,0
paralelo,8,500000,9,482184,81660.0,300,sostenido,8.1570,0.2741,0.9043,1.1798,0.1953,2.5269,3.0643,395.7382,272.8215,0
paralelo,8,500000,10,482184,81660.0,300,sostenido,7.9371,0.2549,0.8878,1.1440,0.1648,2.4707,2.9073,404.7476,299.1325,0
paralelo,12,500000,1,482184,81660.0,300,sostenido,8.0270,0.2351,0.9526,1.1891,0.2406,2.5382,3.1168,393.9829,249.1715,0
paralelo,12,500000,2,482184,81660.0,300,sostenido,7.2185,0.2303,1.0115,1.2432,0.2262,2.6147,3.0525,382.4583,269.3966,0
paralelo,12,500000,3,482184,81660.0,300,sostenido,7.0226,0.2328,0.9815,1.2156,0.2264,2.5782,3.1256,387.8622,278.6602,0
paralelo,12,500000,4,482184,81660.0,300,sostenido,7.4822,0.2516,0.9581,1.2112,0.2928,2.5756,3.2404,388.2628,230.0755,0
paralelo,12,500000,5,482184,81660.0,300,sostenido,7.5034,0.2631,0.8458,1.1102,0.2349,2.4316,2.9681,411.2485,272.9928,0
paralelo,12,500000,6,482184,81660.0,300,sostenido,7.2645,0.2381,0.9649,1.2044,0.2254,2.5690,3.0825,389.2634,278.8000,0
paralelo,12,500000,7,482184,81660.0,300,sostenido,7.3455,0.2325,0.9544,1.1882,0.2393,2.5459,3.0977,392.7881,265.5267,0
paralelo,12,500000,8,482184,81660.0,300,sostenido,7.2684,0.2276,0.9465,1.1754,0.2033,2.5236,3.0107,396.2632,286.2951,0
paralelo,12,500000,9,482184,81660.0,300,sostenido,7.1602,0.2269,1.0147,1.2429,0.2593,2.6109,3.1222,383.0120,256.2854,0
paralelo,12,500000,10,482184,81660.0,300,sostenido,6.7457,0.2422,0.8814,1.1249,0.2435,2.4690,3.0468,405.0234,195.8212,0
secuencial,1,2000000,1,1918719,309131.0,300,sostenido,109.9581,3.4227,8.7210,12.1455,0.9081,18.7429,21.0470,53.3535,37.9232,260
secuencial,1,2000000,2,1918719,309131.0,300,sostenido,104.9760,3.4018,8.7272,12.1305,0.8511,18.6582,21.1336,53.5956,40.7000,261
secuencial,1,2000000,3,1918719,309131.0,300,sostenido,102.3993,3.4212,8.8302,12.2529,0.9397,18.8352,21.3016,53.0921,39.8646,276
secuencial,1,2000000,4,1918719,309131.0,300,sostenido,103.8412,3.4278,8.7646,12.1941,0.7230,18.7604,20.9565,53.3039,42.7245,270
secuencial,1,2000000,5,1918719,309131.0,300,sostenido,102.7977,3.4433,8.8034,12.2482,0.9416,18.8293,20.9947,53.1088,42.3028,263
secuencial,1,2000000,6,1918719,309131.0,300,sostenido,103.2701,3.4347,8.8136,12.2497,1.0738,18.8484,21.3380,53.0549,37.0697,262
secuencial,1,2000000,7,1918719,309131.0,300,sostenido,101.7377,3.4395,8.8616,12.3027,1.0376,18.9489,21.7578,52.7734,38.3249,264
secuencial,1,2000000,8,1918719,309131.0,300,sostenido,105.4704,3.4517,8.7843,12.2376,1.1189,18.7593,21.6435,53.3069,34.0172,261
secuencial,1,2000000,9,1918719,309131.0,300,sostenido,102.6471,3.4229,8.8322,12.2567,1.0019,18.7799,21.7343,53.2485,39.8425,264
secuencial,1,2000000,10,1918719,309131.0,300,sostenido,103.6043,3.4706,8.8494,12.3216,1.0529,18.9462,22.4812,52.7811,37.7905,262
paralelo,1,2000000,1,1918719,309131.0,300,sostenido,117.2194,3.8404,11.1139,14.9558,1.0159,23.0310,28.6676,43.4197,32.0547,300
paralelo,1,2000000,2,1918719,309131.0,300,sostenido,114.0602,3.8202,11.0878,14.9094,1.1395,22.9466,29.5245,43.5794,30.8155,300
paralelo,1,2000000,3,1918719,309131.0,300,sostenido,113.6892,3.8570,11.1910,15.0495,1.2784,23.6292,31.6255,42.3206,28.3496,300
paralelo,1,2000000,4,1918719,309131.0,300,sostenido,112.7724,3.8163,11.2684,15.0861,1.1884,23.3760,30.0805,42.7789,28.9505,300
paralelo,1,2000000,5,1918719,309131.0,300,sostenido,113.9311,3.8164,11.1142,14.9321,0.9912,23.2060,29.3395,43.0924,31.3953,300
paralelo,1,2000000,6,1918719,309131.0,300,sostenido,113.6570,3.7918,11.1918,14.9850,1.2070,23.7320,30.6568,42.1371,29.9924,300
paralelo,1,2000000,7,1918719,309131.0,300,sostenido,113.2484,3.7870,11.0795,14.8680,0.8695,22.7532,26.2507,43.9498,32.2844,300
paralelo,1,2000000,8,1918719,309131.0,300,sostenido,117.3912,3.7995,11.1700,14.9709,1.0654,22.7465,26.4428,43.9629,32.2988,300
paralelo,1,2000000,9,1918719,309131.0,300,sostenido,116.5493,3.7992,11.0899,14.8906,1.0818,23.1684,29.7442,43.1623,31.2205,300
paralelo,1,2000000,10,1918719,309131.0,300,sostenido,115.4905,3.8297,11.1005,14.9317,1.0481,22.9137,29.5715,43.6421,31.2956,300
paralelo,2,2000000,1,1918719,309131.0,300,sostenido,71.9800,2.1661,6.1034,8.2710,0.7718,12.9263,14.7691,77.3615,59.0308,1
paralelo,2,2000000,2,1918719,309131.0,300,sostenido,75.1612,2.1613,6.1238,8.2864,0.8333,12.9341,14.7488,77.3149,49.5447,1
paralelo,2,2000000,3,1918719,309131.0,300,sostenido,70.5727,2.1867,6.1632,8.3513,0.9257,13.0429,14.9615,76.6701,47.1254,2
paralelo,2,2000000,4,1918719,309131.0,300,sostenido,74.0679,2.1275,6.1097,8.2386,0.7231,12.8498,14.5983,77.8220,61.2392,0
paralelo,2,2000000,5,1918719,309131.0,300,sostenido,72.3849,2.1940,6.2488,8.4442,0.9535,13.1289,14.9243,76.1676,56.0475,3
paralelo,2,2000000,6,1918719,309131.0,300,sostenido,73.7214,2.3012,6.5436,8.8463,1.0702,13.6586,15.8086,73.2141,46.9863,7
paralelo,2,2000000,7,1918719,309131.0,300,sostenido,76.2093,2.2988,6.4324,8.7327,0.9615,13.5900,15.6697,73.5837,53.2376,5
paralelo,2,2000000,8,1918719,309131.0,300,sostenido,71.9619,2.1600,6.1312,8.2926,0.8092,12.9453,14.9142,77.2482,61.9276,0
paralelo,2,2000000,9,1918719,309131.0,300,sostenido,73.2356,2.1873,6.1154,8.3041,0.7713,12.9915,15.0583,76.9732,63.3188,0
paralelo,2,2000000,10,1918719,309131.0,300,sostenido,71.0414,2.1647,6.2398,8.4058,0.8924,13.0666,14.9662,76.5312,58.7206,2
paralelo,4,2000000,1,1918719,309131.0,300,sostenido,44.7060,1.5045,4.1746,5.6806,0.7293,9.7989,10.9170,102.0521,80.5958,0
paralelo,4,2000000,2,1918719,309131.0,300,sostenido,44.2030,1.5138,4.1354,5.6505,0.7690,9.7854,10.8758,102.1932,62.8864,0
paralelo,4,2000000,3,1918719,309131.0,300,sostenido,44.9428,1.5305,4.1484,5.6803,0.7080,9.7963,10.8961,102.0794,77.3521,0
paralelo,4,2000000,4,1918719,309131.0,300,sostenido,43.6452,1.5251,4.1271,5.6535,0.8367,9.7771,11.0542,102.2799,57.3283,1
paralelo,4,2000000,5,1918719,309131.0,300,sostenido,43.0438,1.5192,4.0906,5.6112,0.7989,9.6992,11.0102,103.1018,76.5058,0
paralelo,4,2000000,6,1918719,309131.0,300,sostenido,43.2132,1.5301,4.1556,5.6870,0.8045,9.8472,11.0792,101.5513,56.7885,1
paralelo,4,2000000,7,1918719,309131.0,300,sostenido,46.3849,1.5848,4.2629,5.8491,0.7677,9.9752,11.4032,100.2485,75.1993,0
paralelo,4,2000000,8,1918719,309131.0,300,sostenido,43.1869,1.7055,4.9055,6.6126,1.1097,10.9165,12.2606,91.6043,39.5021,1
paralelo,4,2000000,9,1918719,309131.0,300,sostenido,48.6202,1.7373,5.2108,6.9496,1.2171,11.3282,13.3988,88.2751,44.0742,3
paralelo,4,2000000,10,1918719,309131.0,300,sostenido,47.4948,1.5983,4.8559,6.4559,0.4301,10.7308,11.6478,93.1899,68.1872,0
paralelo,8,2000000,1,1918719,309131.0,300,sostenido,31.7823,1.2610,3.0753,4.3377,0.4651,8.4929,9.3856,117.7452,68.7521,0
paralelo,8,2000000,2,1918719,309131.0,300,sostenido,31.1473,1.2715,3.1219,4.3949,0.4920,8.4842,9.3729,117.8659,77.1266,0
paralelo,8,2000000,3,1918719,309131.0,300,sostenido,32.0736,1.2507,3.1194,4.3716,0.4820,8.4600,9.3499,118.2034,72.5426,0
paralelo,8,2000000,4,1918719,309131.0,300,sostenido,30.4502,1.2851,3.1685,4.4551,0.5514,8.5409,9.4960,117.0843,74.5929,0
paralelo,8,2000000,5,1918719,309131.0,300,sostenido,30.9246,1.2568,3.0887,4.3469,0.4126,8.3999,9.3319,119.0488,82.9387,0
paralelo,8,2000000,6,1918719,309131.0,300,sostenido,32.4407,1.3450,3.2670,4.6135,1.1140,8.6786,9.9490,115.2264,46.4796,2
paralelo,8,2000000,7,1918719,309131.0,300,sostenido,29.7842,1.3339,3.2763,4.6119,1.1157,8.7049,10.1620,114.8779,56.9369,2
paralelo,8,2000000,8,1918719,309131.0,300,sostenido,34.8525,1.3445,3.2417,4.5877,1.2533,8.6898,10.1933,115.0773,37.7629,1
paralelo,8,2000000,9,1918719,309131.0,300,sostenido,31.6799,1.3250,3.1685,4.4950,0.7230,8.6707,9.5917,115.3310,23.6146,1
paralelo,8,2000000,10,1918719,309131.0,300,sostenido,31.5885,1.3142,3.2275,4.5432,0.7600,8.6017,9.8573,116.2557,66.0066,0
paralelo,12,2000000,1,1918719,309131.0,300,sostenido,27.7041,1.3248,3.1739,4.5002,1.0048,8.6181,10.2734,116.0351,51.8850,1
paralelo,12,2000000,2,1918719,309131.0,300,sostenido,26.9723,1.3289,3.8804,5.2109,0.9927,9.2494,10.8393,108.1156,71.6317,0
paralelo,12,2000000,3,1918719,309131.0,300,sostenido,27.3017,1.1855,2.7000,3.8869,0.6090,7.8829,8.8484,126.8564,64.9895,0
paralelo,12,2000000,4,1918719,309131.0,300,sostenido,26.4307,1.2364,2.9231,4.1610,0.8008,8.2026,9.5173,121.9126,56.0340,1
paralelo,12,2000000,5,1918719,309131.0,300,sostenido,25.7688,1.3370,3.1176,4.4561,0.9331,8.5682,9.8743,116.7101,57.2436,1
paralelo,12,2000000,6,1918719,309131.0,300,sostenido,25.8717,1.4533,3.2179,4.6728,2.3755,8.7966,10.0305,113.6806,21.0385,2
paralelo,12,2000000,7,1918719,309131.0,300,sostenido,26.5329,1.2157,2.8466,4.0638,0.6938,8.0939,9.2900,123.5498,73.0514,0
paralelo,12,2000000,8,1918719,309131.0,300,sostenido,25.9553,1.3914,3.2557,4.6488,0.9987,8.7619,10.2860,114.1308,61.7059,0
paralelo,12,2000000,9,1918719,309131.0,300,sostenido,27.7665,1.3248,3.1227,4.4490,0.6745,8.5246,9.6589,117.3080,76.3965,0
paralelo,12,2000000,10,1918719,309131.0,300,sostenido,30.1753,1.4369,3.3470,4.7855,0.9634,9.0271,11.3782,110.7773,46.3721,1
